,codes,sec_name,SEO_class,wind_class,sw_class,zx_class
0,000010.SZ,美丽生态,建筑业-土木工程建筑业,工业--资本货物--建筑与工程Ⅲ--建筑与工程,建筑装饰-园林工程Ⅱ-园林工程Ⅲ,建筑--建筑施工--园林工程
1,000065.SZ,北方国际,建筑业-土木工程建筑业,工业--资本货物--建筑与工程Ⅲ--建筑与工程,建筑装饰-专业工程-国际工程承包,建筑--建筑施工--专业工程及其他
2,000090.SZ,天健集团,建筑业-土木工程建筑业,工业--资本货物--建筑与工程Ⅲ--建筑与工程,,建筑--建筑施工--房建建设
3,000498.SZ,山东路桥,建筑业-土木工程建筑业,工业--资本货物--建筑与工程Ⅲ--建筑与工程,建筑装饰-基础建设-路桥施工,建筑--建筑施工--基建建设
4,000628.SZ,高新发展,建筑业-房屋建筑业,工业--资本货物--建筑与工程Ⅲ--建筑与工程,建筑装饰-房屋建设Ⅱ-房屋建设Ⅲ,建筑--建筑施工--房建建设
5,000711.SZ,京蓝科技,建筑业-土木工程建筑业,,,
6,000928.SZ,中钢国际,建筑业-土木工程建筑业,工业--资本货物--建筑与工程Ⅲ--建筑与工程,建筑装饰-专业工程-国际工程承包,建筑--建筑施工--基建建设
7,002047.SZ,宝鹰股份,建筑业-建筑装饰和其他建筑业,工业--资本货物--建筑与工程Ⅲ--建筑与工程,建筑装饰-装修装饰Ⅱ-装修装饰Ⅲ,建筑--建筑装修Ⅱ--建筑装修Ⅲ
8,002051.SZ,中工国际,建筑业-土木工程建筑业,工业--资本货物--建筑与工程Ⅲ--建筑与工程,建筑装饰-专业工程-国际工程承包,建筑--建筑施工--基建建设
9,002060.SZ,粤水电,建筑业-土木工程建筑业,工业--资本货物--建筑与工程Ⅲ--建筑与工程,建筑装饰-基础建设-水利工程,建筑--建筑施工--基建建设
10,002061.SZ,浙江交科,建筑业-土木工程建筑业,工业--资本货物--建筑与工程Ⅲ--建筑与工程,建筑装饰-基础建设-路桥施工,建筑--建筑施工--基建建设
11,002062.SZ,宏润建设,建筑业-土木工程建筑业,工业--资本货物--建筑与工程Ⅲ--建筑与工程,建筑装饰-基础建设-城轨建设,建筑--建筑施工--基建建设
12,002081.SZ,金螳螂,建筑业-建筑装饰和其他建筑业,工业--资本货物--建筑与工程Ⅲ--建筑与工程,建筑装饰-装修装饰Ⅱ-装修装饰Ⅲ,建筑--建筑装修Ⅱ--建筑装修Ⅲ
13,002116.SZ,中国海诚,建筑业-土木工程建筑业,工业--资本货物--建筑与工程Ⅲ--建筑与工程,建筑装饰-基础建设-其他基础建设,建筑--建筑施工--专业工程及其他
14,002140.SZ,东华科技,建筑业-土木工程建筑业,工业--资本货物--建筑与工程Ⅲ--建筑与工程,建筑装饰-专业工程-化学工程,建筑--建筑施工--专业工程及其他
15,002163.SZ,海南发展,建筑业-建筑装饰和其他建筑业,工业--资本货物--建筑产品Ⅲ--建筑产品,建筑材料-其他建材Ⅱ-其他建材Ⅲ,建材--结构材料--玻璃
16,002307.SZ,北新路桥,建筑业-土木工程建筑业,工业--资本货物--建筑与工程Ⅲ--建筑与工程,建筑装饰-基础建设-路桥施工,建筑--建筑施工--基建建设
17,002310.SZ,东方园林,建筑业-土木工程建筑业,,建筑装饰-园林工程Ⅱ-园林工程Ⅲ,建筑--建筑施工--园林工程
18,002323.SZ,*ST雅博,建筑业-建筑装饰和其他建筑业,工业--资本货物--建筑与工程Ⅲ--建筑与工程,建筑材料-其他建材Ⅱ-其他建材Ⅲ,建材--专用材料Ⅱ--其他专用材料
19,002325.SZ,洪涛股份,建筑业-建筑装饰和其他建筑业,工业--资本货物--建筑与工程Ⅲ--建筑与工程,建筑装饰-装修装饰Ⅱ-装修装饰Ⅲ,建筑--建筑装修Ⅱ--建筑装修Ⅲ
20,002374.SZ,丽鹏股份,建筑业-土木工程建筑业,工业--资本货物--建筑与工程Ⅲ--建筑与工程,建筑装饰-园林工程Ⅱ-园林工程Ⅲ,
21,002375.SZ,亚厦股份,建筑业-建筑装饰和其他建筑业,工业--资本货物--建筑与工程Ⅲ--建筑与工程,建筑装饰-装修装饰Ⅱ-装修装饰Ⅲ,建筑--建筑装修Ⅱ--建筑装修Ⅲ
22,002431.SZ,棕榈股份,建筑业-土木工程建筑业,工业--资本货物--建筑与工程Ⅲ--建筑与工程,建筑装饰-园林工程Ⅱ-园林工程Ⅲ,建筑--建筑施工--园林工程
23,002469.SZ,三维工程,建筑业-土木工程建筑业,工业--资本货物--建筑与工程Ⅲ--建筑与工程,建筑装饰-专业工程-化学工程,建筑--建筑施工--专业工程及其他
24,002482.SZ,广田集团,建筑业-建筑装饰和其他建筑业,工业--资本货物--建筑与工程Ⅲ--建筑与工程,建筑装饰-装修装饰Ⅱ-装修装饰Ⅲ,建筑--建筑装修Ⅱ--建筑装修Ⅲ
25,002504.SZ,弘高创意,建筑业-建筑装饰和其他建筑业,工业--资本货物--建筑与工程Ⅲ--建筑与工程,建筑装饰-装修装饰Ⅱ-装修装饰Ⅲ,建筑--建筑装修Ⅱ--建筑装修Ⅲ
26,002542.SZ,中化岩土,建筑业-土木工程建筑业,工业--资本货物--建筑与工程Ⅲ--建筑与工程,建筑装饰-专业工程-其他专业工程,建筑--建筑施工--专业工程及其他
27,002564.SZ,天沃科技,建筑业-土木工程建筑业,工业--资本货物--建筑与工程Ⅲ--建筑与工程,,
28,002586.SZ,*ST围海,建筑业-土木工程建筑业,工业--资本货物--建筑与工程Ⅲ--建筑与工程,建筑装饰-基础建设-水利工程,建筑--建筑施工--基建建设
29,002620.SZ,瑞和股份,建筑业-建筑装饰和其他建筑业,工业--资本货物--建筑与工程Ⅲ--建筑与工程,建筑装饰-装修装饰Ⅱ-装修装饰Ⅲ,建筑--建筑装修Ⅱ--建筑装修Ⅲ
30,002628.SZ,成都路桥,建筑业-土木工程建筑业,工业--资本货物--建筑与工程Ⅲ--建筑与工程,建筑装饰-基础建设-路桥施工,建筑--建筑施工--基建建设
31,002663.SZ,普邦股份,建筑业-土木工程建筑业,工业--资本货物--建筑与工程Ⅲ--建筑与工程,建筑装饰-园林工程Ⅱ-园林工程Ⅲ,建筑--建筑施工--园林工程
32,002713.SZ,东易日盛,建筑业-建筑装饰和其他建筑业,工业--资本货物--建筑与工程Ⅲ--建筑与工程,建筑装饰-装修装饰Ⅱ-装修装饰Ⅲ,建筑--建筑装修Ⅱ--建筑装修Ⅲ
33,002761.SZ,多喜爱,建筑业-土木工程建筑业,工业--资本货物--建筑与工程Ⅲ--建筑与工程,建筑装饰-房屋建设Ⅱ-房屋建设Ⅲ,
34,002775.SZ,文科园林,建筑业-土木工程建筑业,工业--资本货物--建筑与工程Ⅲ--建筑与工程,建筑装饰-园林工程Ⅱ-园林工程Ⅲ,建筑--建筑施工--园林工程
35,002781.SZ,奇信股份,建筑业-建筑装饰和其他建筑业,工业--资本货物--建筑与工程Ⅲ--建筑与工程,建筑装饰-装修装饰Ⅱ-装修装饰Ⅲ,建筑--建筑装修Ⅱ--建筑装修Ⅲ
36,002789.SZ,建艺集团,建筑业-建筑装饰和其他建筑业,工业--资本货物--建筑与工程Ⅲ--建筑与工程,建筑装饰-装修装饰Ⅱ-装修装饰Ⅲ,建筑--建筑装修Ⅱ--建筑装修Ⅲ
37,002811.SZ,郑中设计,建筑业-建筑装饰和其他建筑业,工业--资本货物--建筑与工程Ⅲ--建筑与工程,建筑装饰-装修装饰Ⅱ-装修装饰Ⅲ,建筑--建筑装修Ⅱ--建筑装修Ⅲ
38,002822.SZ,中装建设,建筑业-建筑装饰和其他建筑业,工业--资本货物--建筑与工程Ⅲ--建筑与工程,建筑装饰-装修装饰Ⅱ-装修装饰Ⅲ,建筑--建筑装修Ⅱ--建筑装修Ⅲ
39,002830.SZ,名雕股份,建筑业-建筑装饰和其他建筑业,工业--资本货物--建筑与工程Ⅲ--建筑与工程,建筑装饰-装修装饰Ⅱ-装修装饰Ⅲ,建筑--建筑装修Ⅱ--建筑装修Ⅲ
40,002856.SZ,美芝股份,建筑业-建筑装饰和其他建筑业,工业--资本货物--建筑与工程Ⅲ--建筑与工程,建筑装饰-装修装饰Ⅱ-装修装饰Ⅲ,建筑--建筑装修Ⅱ--建筑装修Ⅲ
41,002941.SZ,新疆交建,建筑业-土木工程建筑业,工业--资本货物--建筑与工程Ⅲ--建筑与工程,建筑装饰-基础建设-路桥施工,建筑--建筑施工--基建建设
42,002963.SZ,豪尔赛,建筑业-建筑装饰和其他建筑业,工业--资本货物--建筑与工程Ⅲ--建筑与工程,建筑装饰-装修装饰Ⅱ-装修装饰Ⅲ,建筑--建筑施工--专业工程及其他
43,002989.SZ,中天精装,建筑业-建筑装饰和其他建筑业,工业--资本货物--建筑与工程Ⅲ--建筑与工程,建筑装饰-装修装饰Ⅱ-装修装饰Ⅲ,建筑--建筑装修Ⅱ--建筑装修Ⅲ
44,003001.SZ,中岩大地,建筑业-土木工程建筑业,工业--资本货物--建筑与工程Ⅲ--建筑与工程,建筑装饰-专业工程-其他专业工程,建筑--建筑施工--专业工程及其他
45,300008.SZ,天海防务,建筑业-土木工程建筑业,工业--资本货物--建筑与工程Ⅲ--建筑与工程,,
46,300055.SZ,万邦达,建筑业-土木工程建筑业,,,
47,300117.SZ,嘉寓股份,建筑业-建筑装饰和其他建筑业,工业--资本货物--建筑产品Ⅲ--建筑产品,建筑材料-其他建材Ⅱ-其他建材Ⅲ,建筑--建筑施工--专业工程及其他
48,300237.SZ,美晨生态,建筑业-土木工程建筑业,工业--资本货物--建筑与工程Ⅲ--建筑与工程,建筑装饰-园林工程Ⅱ-园林工程Ⅲ,建筑--建筑施工--园林工程
49,300506.SZ,名家汇,建筑业-建筑装饰和其他建筑业,工业--资本货物--建筑与工程Ⅲ--建筑与工程,建筑装饰-装修装饰Ⅱ-装修装饰Ⅲ,建筑--建筑装修Ⅱ--建筑装修Ⅲ
50,300517.SZ,海波重科,建筑业-土木工程建筑业,工业--资本货物--建筑与工程Ⅲ--建筑与工程,建筑装饰-专业工程-钢结构,建筑--建筑施工--专业工程及其他
51,300536.SZ,农尚环境,建筑业-土木工程建筑业,工业--资本货物--建筑与工程Ⅲ--建筑与工程,建筑装饰-园林工程Ⅱ-园林工程Ⅲ,建筑--建筑施工--园林工程
52,300621.SZ,维业股份,建筑业-建筑装饰和其他建筑业,工业--资本货物--建筑与工程Ⅲ--建筑与工程,建筑装饰-装修装饰Ⅱ-装修装饰Ⅲ,建筑--建筑装修Ⅱ--建筑装修Ⅲ
53,300649.SZ,杭州园林,建筑业-土木工程建筑业,工业--资本货物--建筑与工程Ⅲ--建筑与工程,建筑装饰-园林工程Ⅱ-园林工程Ⅲ,建筑--建筑装修Ⅱ--建筑装修Ⅲ
54,300712.SZ,永福股份,建筑业-土木工程建筑业,工业--资本货物--建筑与工程Ⅲ--建筑与工程,建筑装饰-基础建设-其他基础建设,建筑--建筑施工--专业工程及其他
55,600039.SH,四川路桥,建筑业-土木工程建筑业,工业--资本货物--建筑与工程Ⅲ--建筑与工程,建筑装饰-基础建设-路桥施工,建筑--建筑施工--基建建设
56,600068.SH,葛洲坝,建筑业-土木工程建筑业,工业--资本货物--建筑与工程Ⅲ--建筑与工程,建筑装饰-基础建设-水利工程,建筑--建筑施工--基建建设
57,600072.SH,中船科技,建筑业-土木工程建筑业,工业--资本货物--机械--建筑机械与重型卡车,,
58,600133.SH,东湖高新,建筑业-土木工程建筑业,工业--资本货物--建筑与工程Ⅲ--建筑与工程,建筑装饰-基础建设-其他基础建设,
59,600170.SH,上海建工,建筑业-土木工程建筑业,工业--资本货物--建筑与工程Ⅲ--建筑与工程,建筑装饰-房屋建设Ⅱ-房屋建设Ⅲ,建筑--建筑施工--房建建设
60,600193.SH,ST创兴,建筑业-建筑装饰和其他建筑业,工业--资本货物--建筑与工程Ⅲ--建筑与工程,建筑装饰-装修装饰Ⅱ-装修装饰Ⅲ,建筑--建筑装修Ⅱ--建筑装修Ⅲ
61,600209.SH,ST罗顿,建筑业-建筑装饰和其他建筑业,工业--资本货物--建筑与工程Ⅲ--建筑与工程,建筑装饰-装修装饰Ⅱ-装修装饰Ⅲ,建筑--建筑装修Ⅱ--建筑装修Ⅲ
62,600248.SH,延长化建,建筑业-土木工程建筑业,工业--资本货物--建筑与工程Ⅲ--建筑与工程,建筑装饰-专业工程-化学工程,建筑--建筑施工--专业工程及其他
63,600284.SH,浦东建设,建筑业-土木工程建筑业,工业--资本货物--建筑与工程Ⅲ--建筑与工程,建筑装饰-基础建设-路桥施工,建筑--建筑施工--基建建设
64,600463.SH,空港股份,建筑业-土木工程建筑业,,,
65,600491.SH,龙元建设,建筑业-土木工程建筑业,工业--资本货物--建筑与工程Ⅲ--建筑与工程,建筑装饰-房屋建设Ⅱ-房屋建设Ⅲ,建筑--建筑施工--房建建设
66,600502.SH,安徽建工,建筑业-土木工程建筑业,工业--资本货物--建筑与工程Ⅲ--建筑与工程,建筑装饰-基础建设-水利工程,建筑--建筑施工--基建建设
67,600512.SH,腾达建设,建筑业-土木工程建筑业,工业--资本货物--建筑与工程Ⅲ--建筑与工程,建筑装饰-基础建设-路桥施工,建筑--建筑施工--基建建设
68,600769.SH,祥龙电业,建筑业-土木工程建筑业,工业--资本货物--建筑与工程Ⅲ--建筑与工程,建筑装饰-房屋建设Ⅱ-房屋建设Ⅲ,
69,600820.SH,隧道股份,建筑业-土木工程建筑业,工业--资本货物--建筑与工程Ⅲ--建筑与工程,建筑装饰-基础建设-城轨建设,建筑--建筑施工--基建建设
70,600846.SH,同济科技,建筑业-土木工程建筑业,,建筑装饰-房屋建设Ⅱ-房屋建设Ⅲ,建筑--建筑设计及服务Ⅱ--建筑设计及服务Ⅲ
71,600853.SH,龙建股份,建筑业-土木工程建筑业,工业--资本货物--建筑与工程Ⅲ--建筑与工程,建筑装饰-基础建设-路桥施工,建筑--建筑施工--基建建设
72,600939.SH,重庆建工,建筑业-房屋建筑业,工业--资本货物--建筑与工程Ⅲ--建筑与工程,建筑装饰-房屋建设Ⅱ-房屋建设Ⅲ,建筑--建筑施工--房建建设
73,600970.SH,中材国际,建筑业-土木工程建筑业,工业--资本货物--建筑与工程Ⅲ--建筑与工程,建筑装饰-专业工程-国际工程承包,建筑--建筑施工--专业工程及其他
74,601068.SH,中铝国际,建筑业-土木工程建筑业,工业--资本货物--建筑与工程Ⅲ--建筑与工程,建筑装饰-专业工程-其他专业工程,建筑--建筑施工--专业工程及其他
75,601117.SH,中国化学,建筑业-土木工程建筑业,,建筑装饰-专业工程-化学工程,建筑--建筑施工--专业工程及其他
76,601186.SH,中国铁建,建筑业-土木工程建筑业,工业--资本货物--建筑与工程Ⅲ--建筑与工程,建筑装饰-基础建设-铁路建设,建筑--建筑施工--基建建设
77,601390.SH,中国中铁,建筑业-土木工程建筑业,工业--资本货物--建筑与工程Ⅲ--建筑与工程,建筑装饰-基础建设-铁路建设,建筑--建筑施工--基建建设
78,601611.SH,中国核建,建筑业-土木工程建筑业,工业--资本货物--建筑与工程Ⅲ--建筑与工程,建筑装饰-基础建设-其他基础建设,建筑--建筑施工--基建建设
79,601618.SH,中国中冶,建筑业-土木工程建筑业,工业--资本货物--建筑与工程Ⅲ--建筑与工程,建筑装饰-专业工程-其他专业工程,建筑--建筑施工--基建建设
80,601668.SH,中国建筑,建筑业-土木工程建筑业,工业--资本货物--建筑与工程Ⅲ--建筑与工程,建筑装饰-房屋建设Ⅱ-房屋建设Ⅲ,建筑--建筑施工--房建建设
81,601669.SH,中国电建,建筑业-土木工程建筑业,工业--资本货物--建筑与工程Ⅲ--建筑与工程,建筑装饰-基础建设-水利工程,建筑--建筑施工--基建建设
82,601789.SH,宁波建工,建筑业-土木工程建筑业,工业--资本货物--建筑与工程Ⅲ--建筑与工程,建筑装饰-房屋建设Ⅱ-房屋建设Ⅲ,建筑--建筑施工--房建建设
83,601800.SH,中国交建,建筑业-土木工程建筑业,工业--资本货物--建筑与工程Ⅲ--建筑与工程,建筑装饰-基础建设-路桥施工,建筑--建筑施工--基建建设
84,601886.SH,江河集团,建筑业-建筑装饰和其他建筑业,工业--资本货物--建筑与工程Ⅲ--建筑与工程,建筑装饰-装修装饰Ⅱ-装修装饰Ⅲ,建筑--建筑装修Ⅱ--建筑装修Ⅲ
85,603007.SH,花王股份,建筑业-土木工程建筑业,工业--资本货物--建筑与工程Ⅲ--建筑与工程,建筑装饰-园林工程Ⅱ-园林工程Ⅲ,建筑--建筑施工--园林工程
86,603030.SH,全筑股份,建筑业-建筑装饰和其他建筑业,工业--资本货物--建筑与工程Ⅲ--建筑与工程,建筑装饰-装修装饰Ⅱ-装修装饰Ⅲ,建筑--建筑装修Ⅱ--建筑装修Ⅲ
87,603098.SH,森特股份,建筑业-建筑装饰和其他建筑业,工业--资本货物--建筑产品Ⅲ--建筑产品,建筑装饰-专业工程-钢结构,建筑--建筑施工--专业工程及其他
88,603316.SH,诚邦股份,建筑业-土木工程建筑业,工业--资本货物--建筑与工程Ⅲ--建筑与工程,建筑装饰-园林工程Ⅱ-园林工程Ⅲ,建筑--建筑施工--园林工程
89,603388.SH,元成股份,建筑业-土木工程建筑业,工业--资本货物--建筑与工程Ⅲ--建筑与工程,建筑装饰-园林工程Ⅱ-园林工程Ⅲ,建筑--建筑装修Ⅱ--建筑装修Ⅲ
90,603637.SH,镇海股份,建筑业-土木工程建筑业,工业--资本货物--建筑与工程Ⅲ--建筑与工程,建筑装饰-专业工程-化学工程,建筑--建筑施工--专业工程及其他
91,603717.SH,天域生态,建筑业-土木工程建筑业,工业--资本货物--建筑与工程Ⅲ--建筑与工程,建筑装饰-园林工程Ⅱ-园林工程Ⅲ,建筑--建筑施工--园林工程
92,603778.SH,乾景园林,建筑业-土木工程建筑业,工业--资本货物--建筑与工程Ⅲ--建筑与工程,建筑装饰-园林工程Ⅱ-园林工程Ⅲ,建筑--建筑施工--园林工程
93,603815.SH,交建股份,建筑业-土木工程建筑业,工业--资本货物--建筑与工程Ⅲ--建筑与工程,建筑装饰-基础建设-路桥施工,建筑--建筑施工--基建建设
94,603828.SH,柯利达,建筑业-建筑装饰和其他建筑业,工业--资本货物--建筑与工程Ⅲ--建筑与工程,建筑装饰-装修装饰Ⅱ-装修装饰Ⅲ,建筑--建筑装修Ⅱ--建筑装修Ⅲ
95,603843.SH,正平股份,建筑业-土木工程建筑业,工业--资本货物--建筑与工程Ⅲ--建筑与工程,建筑装饰-基础建设-路桥施工,建筑--建筑施工--基建建设
96,603929.SH,亚翔集成,建筑业-建筑安装业,工业--资本货物--建筑与工程Ⅲ--建筑与工程,建筑装饰-专业工程-其他专业工程,建筑--建筑施工--专业工程及其他
97,603955.SH,大千生态,建筑业-土木工程建筑业,工业--资本货物--建筑与工程Ⅲ--建筑与工程,建筑装饰-园林工程Ⅱ-园林工程Ⅲ,建筑--建筑施工--园林工程
98,603959.SH,百利科技,建筑业-土木工程建筑业,工业--资本货物--建筑与工程Ⅲ--建筑与工程,建筑装饰-专业工程-化学工程,建筑--建筑施工--专业工程及其他
99,605178.SH,时空科技,建筑业-建筑装饰和其他建筑业,工业--资本货物--建筑与工程Ⅲ--建筑与工程,建筑装饰-装修装饰Ⅱ-装修装饰Ⅲ,建筑--建筑施工--专业工程及其他
100,900939.SH,汇丽B,建筑业-建筑装饰和其他建筑业,,,
101,688569.SH,铁科轨道,,材料--材料Ⅱ--建材Ⅲ--建材,,
102,300163.SZ,先锋新材,,材料--材料Ⅱ--建材Ⅲ--建材,,建材--专用材料Ⅱ--其他专用材料
103,300135.SZ,宝利国际,,材料--材料Ⅱ--建材Ⅲ--建材,,
104,000012.SZ,南玻A,,材料--材料Ⅱ--建材Ⅲ--建材,建筑材料-玻璃制造Ⅱ-玻璃制造Ⅲ,建材--结构材料--玻璃
105,000023.SZ,深天地A,,材料--材料Ⅱ--建材Ⅲ--建材,建筑材料-其他建材Ⅱ-其他建材Ⅲ,建材--结构材料--水泥
106,000401.SZ,冀东水泥,,材料--材料Ⅱ--建材Ⅲ--建材,建筑材料-水泥制造Ⅱ-水泥制造Ⅲ,建材--结构材料--水泥
107,000672.SZ,上峰水泥,,材料--材料Ⅱ--建材Ⅲ--建材,建筑材料-水泥制造Ⅱ-水泥制造Ⅲ,建材--结构材料--水泥
108,000786.SZ,北新建材,,材料--材料Ⅱ--建材Ⅲ--建材,建筑材料-其他建材Ⅱ-其他建材Ⅲ,建材--装饰材料--其他装饰材料
109,000789.SZ,万年青,,材料--材料Ⅱ--建材Ⅲ--建材,建筑材料-水泥制造Ⅱ-水泥制造Ⅲ,建材--结构材料--水泥
110,000877.SZ,天山股份,,材料--材料Ⅱ--建材Ⅲ--建材,建筑材料-水泥制造Ⅱ-水泥制造Ⅲ,建材--结构材料--水泥
111,000935.SZ,四川双马,,材料--材料Ⅱ--建材Ⅲ--建材,建筑材料-水泥制造Ⅱ-水泥制造Ⅲ,建材--结构材料--水泥
112,002066.SZ,瑞泰科技,,材料--材料Ⅱ--建材Ⅲ--建材,建筑材料-其他建材Ⅱ-耐火材料,建材--专用材料Ⅱ--其他专用材料
113,002080.SZ,中材科技,,材料--材料Ⅱ--建材Ⅲ--建材,,建材--专用材料Ⅱ--玻璃纤维
114,002088.SZ,鲁阳节能,,材料--材料Ⅱ--建材Ⅲ--建材,建筑材料-其他建材Ⅱ-耐火材料,建材--专用材料Ⅱ--其他专用材料
115,002201.SZ,九鼎新材,,材料--材料Ⅱ--建材Ⅲ--建材,,建材--专用材料Ⅱ--玻璃纤维
116,002225.SZ,濮耐股份,,材料--材料Ⅱ--建材Ⅲ--建材,建筑材料-其他建材Ⅱ-耐火材料,建材--专用材料Ⅱ--其他专用材料
117,002233.SZ,塔牌集团,,材料--材料Ⅱ--建材Ⅲ--建材,建筑材料-水泥制造Ⅱ-水泥制造Ⅲ,建材--结构材料--水泥
118,002271.SZ,东方雨虹,,材料--材料Ⅱ--建材Ⅲ--建材,建筑材料-其他建材Ⅱ-其他建材Ⅲ,建材--装饰材料--其他装饰材料
119,002302.SZ,西部建设,,材料--材料Ⅱ--建材Ⅲ--建材,建筑材料-其他建材Ⅱ-其他建材Ⅲ,建材--结构材料--水泥
120,002392.SZ,北京利尔,,材料--材料Ⅱ--建材Ⅲ--建材,建筑材料-其他建材Ⅱ-耐火材料,建材--专用材料Ⅱ--其他专用材料
121,002596.SZ,海南瑞泽,,材料--材料Ⅱ--建材Ⅲ--建材,建筑材料-其他建材Ⅱ-其他建材Ⅲ,建材--结构材料--水泥
122,002742.SZ,三圣股份,,材料--材料Ⅱ--建材Ⅲ--建材,建筑材料-其他建材Ⅱ-其他建材Ⅲ,建材--结构材料--水泥
123,002785.SZ,万里石,,材料--材料Ⅱ--建材Ⅲ--建材,建筑材料-其他建材Ⅱ-其他建材Ⅲ,建材--装饰材料--其他装饰材料
124,200012.SZ,南玻B,,材料--材料Ⅱ--建材Ⅲ--建材,建筑材料-玻璃制造Ⅱ-玻璃制造Ⅲ,建材--结构材料--玻璃
125,300093.SZ,金刚玻璃,,材料--材料Ⅱ--建材Ⅲ--建材,建筑材料-玻璃制造Ⅱ-玻璃制造Ⅲ,建材--结构材料--玻璃
126,300196.SZ,长海股份,,材料--材料Ⅱ--建材Ⅲ--建材,,建材--专用材料Ⅱ--玻璃纤维
127,300715.SZ,凯伦股份,,材料--材料Ⅱ--建材Ⅲ--建材,建筑材料-其他建材Ⅱ-其他建材Ⅲ,建材--装饰材料--其他装饰材料
128,300737.SZ,科顺股份,,材料--材料Ⅱ--建材Ⅲ--建材,建筑材料-其他建材Ⅱ-其他建材Ⅲ,建材--装饰材料--其他装饰材料
129,600176.SH,中国巨石,,材料--材料Ⅱ--建材Ⅲ--建材,,建材--专用材料Ⅱ--玻璃纤维
130,600425.SH,青松建化,,材料--材料Ⅱ--建材Ⅲ--建材,建筑材料-水泥制造Ⅱ-水泥制造Ⅲ,建材--结构材料--水泥
131,600449.SH,宁夏建材,,材料--材料Ⅱ--建材Ⅲ--建材,建筑材料-水泥制造Ⅱ-水泥制造Ⅲ,建材--结构材料--水泥
132,600539.SH,ST狮头,,材料--材料Ⅱ--建材Ⅲ--建材,,
133,600585.SH,海螺水泥,,材料--材料Ⅱ--建材Ⅲ--建材,建筑材料-水泥制造Ⅱ-水泥制造Ⅲ,建材--结构材料--水泥
134,600586.SH,金晶科技,,材料--材料Ⅱ--建材Ⅲ--建材,建筑材料-玻璃制造Ⅱ-玻璃制造Ⅲ,建材--结构材料--玻璃
135,600678.SH,四川金顶,,材料--材料Ⅱ--建材Ⅲ--建材,建筑材料-其他建材Ⅱ-其他建材Ⅲ,建材--结构材料--水泥
136,600720.SH,祁连山,,材料--材料Ⅱ--建材Ⅲ--建材,建筑材料-水泥制造Ⅱ-水泥制造Ⅲ,建材--结构材料--水泥
137,600801.SH,华新水泥,,材料--材料Ⅱ--建材Ⅲ--建材,建筑材料-水泥制造Ⅱ-水泥制造Ⅲ,建材--结构材料--水泥
138,600802.SH,福建水泥,,材料--材料Ⅱ--建材Ⅲ--建材,建筑材料-水泥制造Ⅱ-水泥制造Ⅲ,建材--结构材料--水泥
139,600819.SH,耀皮玻璃,,材料--材料Ⅱ--建材Ⅲ--建材,建筑材料-玻璃制造Ⅱ-玻璃制造Ⅲ,建材--结构材料--玻璃
140,600881.SH,亚泰集团,,材料--材料Ⅱ--建材Ⅲ--建材,建筑材料-水泥制造Ⅱ-水泥制造Ⅲ,
141,600883.SH,博闻科技,,材料--材料Ⅱ--建材Ⅲ--建材,建筑材料-水泥制造Ⅱ-水泥制造Ⅲ,建材--结构材料--水泥
142,601636.SH,旗滨集团,,材料--材料Ⅱ--建材Ⅲ--建材,建筑材料-玻璃制造Ⅱ-玻璃制造Ⅲ,建材--结构材料--玻璃
143,601865.SH,福莱特,,材料--材料Ⅱ--建材Ⅲ--建材,建筑材料-玻璃制造Ⅱ-玻璃制造Ⅲ,
144,601992.SH,金隅集团,,材料--材料Ⅱ--建材Ⅲ--建材,建筑材料-水泥制造Ⅱ-水泥制造Ⅲ,
145,605006.SH,山东玻纤,,材料--材料Ⅱ--建材Ⅲ--建材,,建材--专用材料Ⅱ--玻璃纤维
146,688398.SH,赛特新材,,材料--材料Ⅱ--建材Ⅲ--建材,,
147,900918.SH,耀皮B股,,材料--材料Ⅱ--建材Ⅲ--建材,建筑材料-玻璃制造Ⅱ-玻璃制造Ⅲ,建材--结构材料--玻璃
148,900933.SH,华新B股,,材料--材料Ⅱ--建材Ⅲ--建材,建筑材料-水泥制造Ⅱ-水泥制造Ⅲ,建材--结构材料--水泥
149,000546.SZ,金圆股份,,材料--材料Ⅱ--建材Ⅲ--建材,建筑材料-水泥制造Ⅱ-水泥制造Ⅲ,建材--结构材料--水泥
150,000619.SZ,海螺型材,,工业--资本货物--建筑产品Ⅲ--建筑产品,建筑材料-其他建材Ⅱ-其他建材Ⅲ,建材--装饰材料--其他装饰材料
151,002084.SZ,海鸥住工,,工业--资本货物--建筑产品Ⅲ--建筑产品,,
152,002162.SZ,悦心健康,,工业--资本货物--建筑产品Ⅲ--建筑产品,建筑材料-其他建材Ⅱ-其他建材Ⅲ,建材--装饰材料--陶瓷
153,002205.SZ,国统股份,,工业--资本货物--建筑产品Ⅲ--建筑产品,,建材--结构材料--其他结构材料
154,002333.SZ,ST罗普,,工业--资本货物--建筑产品Ⅲ--建筑产品,建筑材料-其他建材Ⅱ-其他建材Ⅲ,建材--装饰材料--其他装饰材料
155,002359.SZ,*ST北讯,,工业--资本货物--建筑产品Ⅲ--建筑产品,,
156,002372.SZ,伟星新材,,工业--资本货物--建筑产品Ⅲ--建筑产品,建筑材料-其他建材Ⅱ-管材,建材--装饰材料--其他装饰材料
157,002457.SZ,青龙管业,,工业--资本货物--建筑产品Ⅲ--建筑产品,建筑材料-其他建材Ⅱ-管材,建材--结构材料--其他结构材料
158,002545.SZ,东方铁塔,,工业--资本货物--建筑产品Ⅲ--建筑产品,,建筑--建筑施工--专业工程及其他
159,002641.SZ,永高股份,,工业--资本货物--建筑产品Ⅲ--建筑产品,建筑材料-其他建材Ⅱ-管材,建材--装饰材料--其他装饰材料
160,002652.SZ,扬子新材,,工业--资本货物--建筑产品Ⅲ--建筑产品,建筑材料-其他建材Ⅱ-其他建材Ⅲ,建材--专用材料Ⅱ--其他专用材料
161,002671.SZ,龙泉股份,,工业--资本货物--建筑产品Ⅲ--建筑产品,建筑材料-其他建材Ⅱ-管材,建材--结构材料--其他结构材料
162,002694.SZ,顾地科技,,工业--资本货物--建筑产品Ⅲ--建筑产品,建筑材料-其他建材Ⅱ-管材,
163,002718.SZ,友邦吊顶,,工业--资本货物--建筑产品Ⅲ--建筑产品,建筑材料-其他建材Ⅱ-其他建材Ⅲ,建材--装饰材料--其他装饰材料
164,002790.SZ,瑞尔特,,工业--资本货物--建筑产品Ⅲ--建筑产品,,
165,002791.SZ,坚朗五金,,工业--资本货物--建筑产品Ⅲ--建筑产品,建筑材料-其他建材Ⅱ-其他建材Ⅲ,建材--装饰材料--其他装饰材料
166,002798.SZ,帝欧家居,,工业--资本货物--建筑产品Ⅲ--建筑产品,建筑材料-其他建材Ⅱ-其他建材Ⅲ,建材--装饰材料--陶瓷
167,002918.SZ,蒙娜丽莎,,工业--资本货物--建筑产品Ⅲ--建筑产品,建筑材料-其他建材Ⅱ-其他建材Ⅲ,建材--装饰材料--陶瓷
168,003012.SZ,东鹏控股,,工业--资本货物--建筑产品Ⅲ--建筑产品,建筑材料-其他建材Ⅱ-其他建材Ⅲ,建材--装饰材料--陶瓷
169,200055.SZ,方大B,,工业--资本货物--建筑与工程Ⅲ--建筑与工程,建筑装饰-专业工程-其他专业工程,建材--专用材料Ⅱ--其他专用材料
170,300021.SZ,大禹节水,,工业--资本货物--建筑产品Ⅲ--建筑产品,,建材--专用材料Ⅱ--其他专用材料
171,300198.SZ,纳川股份,,工业--资本货物--建筑产品Ⅲ--建筑产品,建筑材料-其他建材Ⅱ-管材,建材--专用材料Ⅱ--其他专用材料
172,300234.SZ,开尔新材,,工业--资本货物--建筑产品Ⅲ--建筑产品,建筑材料-其他建材Ⅱ-其他建材Ⅲ,建材--专用材料Ⅱ--其他专用材料
173,300344.SZ,太空智造,,工业--资本货物--建筑产品Ⅲ--建筑产品,,建材--专用材料Ⅱ--其他专用材料
174,300374.SZ,中铁装配,,工业--资本货物--建筑产品Ⅲ--建筑产品,建筑材料-其他建材Ⅱ-耐火材料,建材--装饰材料--其他装饰材料
175,300599.SZ,雄塑科技,,工业--资本货物--建筑产品Ⅲ--建筑产品,建筑材料-其他建材Ⅱ-管材,
176,300767.SZ,震安科技,,工业--资本货物--建筑产品Ⅲ--建筑产品,,
177,600321.SH,正源股份,,工业--资本货物--建筑产品Ⅲ--建筑产品,建筑材料-其他建材Ⅱ-其他建材Ⅲ,建材--装饰材料--其他装饰材料
178,601700.SH,风范股份,,工业--资本货物--建筑产品Ⅲ--建筑产品,,
179,603038.SH,华立股份,,工业--资本货物--建筑产品Ⅲ--建筑产品,建筑材料-其他建材Ⅱ-其他建材Ⅲ,建材--装饰材料--其他装饰材料
180,603256.SH,宏和科技,,工业--资本货物--建筑产品Ⅲ--建筑产品,,
181,603385.SH,惠达卫浴,,工业--资本货物--建筑产品Ⅲ--建筑产品,,
182,603577.SH,汇金通,,工业--资本货物--建筑产品Ⅲ--建筑产品,,
183,603616.SH,韩建河山,,工业--资本货物--建筑产品Ⅲ--建筑产品,建筑材料-其他建材Ⅱ-管材,建材--结构材料--其他结构材料
184,603856.SH,东宏股份,,工业--资本货物--建筑产品Ⅲ--建筑产品,建筑材料-其他建材Ⅱ-管材,
185,603992.SH,松霖科技,,工业--资本货物--建筑产品Ⅲ--建筑产品,,
186,605318.SH,法狮龙,,工业--资本货物--建筑产品Ⅲ--建筑产品,建筑材料-其他建材Ⅱ-其他建材Ⅲ,建材--装饰材料--其他装饰材料
187,000055.SZ,方大集团,,工业--资本货物--建筑与工程Ⅲ--建筑与工程,建筑装饰-专业工程-其他专业工程,建材--专用材料Ⅱ--其他专用材料
188,002135.SZ,东南网架,,工业--资本货物--建筑与工程Ⅲ--建筑与工程,建筑装饰-专业工程-钢结构,建筑--建筑施工--专业工程及其他
189,002200.SZ,ST云投,,工业--资本货物--建筑与工程Ⅲ--建筑与工程,建筑装饰-园林工程Ⅱ-园林工程Ⅲ,
190,002541.SZ,鸿路钢构,,工业--资本货物--建筑与工程Ⅲ--建筑与工程,建筑装饰-专业工程-钢结构,建筑--建筑施工--专业工程及其他
191,002593.SZ,日上集团,,工业--资本货物--建筑与工程Ⅲ--建筑与工程,建筑装饰-专业工程-钢结构,
192,002717.SZ,岭南股份,,工业--资本货物--建筑与工程Ⅲ--建筑与工程,建筑装饰-园林工程Ⅱ-园林工程Ⅲ,建筑--建筑施工--园林工程
193,002743.SZ,富煌钢构,,工业--资本货物--建筑与工程Ⅲ--建筑与工程,建筑装饰-专业工程-钢结构,
194,002887.SZ,绿茵生态,,工业--资本货物--建筑与工程Ⅲ--建筑与工程,,建筑--建筑施工--园林工程
195,003013.SZ,地铁设计,,工业--资本货物--建筑与工程Ⅲ--建筑与工程,建筑装饰-基础建设-城轨建设,建筑--建筑设计及服务Ⅱ--建筑设计及服务Ⅲ
196,300197.SZ,铁汉生态,,工业--资本货物--建筑与工程Ⅲ--建筑与工程,建筑装饰-园林工程Ⅱ-园林工程Ⅲ,建筑--建筑施工--园林工程
197,300355.SZ,蒙草生态,,工业--资本货物--建筑与工程Ⅲ--建筑与工程,建筑装饰-园林工程Ⅱ-园林工程Ⅲ,建筑--建筑施工--园林工程
198,300495.SZ,美尚生态,,工业--资本货物--建筑与工程Ⅲ--建筑与工程,建筑装饰-园林工程Ⅱ-园林工程Ⅲ,建筑--建筑施工--园林工程
199,600326.SH,西藏天路,,工业--资本货物--建筑与工程Ⅲ--建筑与工程,建筑材料-水泥制造Ⅱ-水泥制造Ⅲ,建筑--建筑施工--基建建设
200,600477.SH,杭萧钢构,,工业--资本货物--建筑与工程Ⅲ--建筑与工程,建筑装饰-专业工程-钢结构,建筑--建筑施工--专业工程及其他
201,600496.SH,精工钢构,,工业--资本货物--建筑与工程Ⅲ--建筑与工程,建筑装饰-专业工程-钢结构,建筑--建筑施工--专业工程及其他
202,600610.SH,ST毅达,,工业--资本货物--建筑与工程Ⅲ--建筑与工程,建筑装饰-园林工程Ⅱ-园林工程Ⅲ,建筑--建筑施工--园林工程
203,600667.SH,太极实业,,工业--资本货物--建筑与工程Ⅲ--建筑与工程,,
204,601226.SH,华电重工,,工业--资本货物--建筑与工程Ⅲ--建筑与工程,建筑装饰-专业工程-其他专业工程,建筑--建筑施工--专业工程及其他
205,603359.SH,东珠生态,,工业--资本货物--建筑与工程Ⅲ--建筑与工程,建筑装饰-园林工程Ⅱ-园林工程Ⅲ,建筑--建筑施工--园林工程
206,603698.SH,航天工程,,工业--资本货物--建筑与工程Ⅲ--建筑与工程,建筑装饰-专业工程-化学工程,
207,603887.SH,城地香江,,工业--资本货物--建筑与工程Ⅲ--建筑与工程,建筑装饰-房屋建设Ⅱ-房屋建设Ⅲ,建筑--建筑施工--专业工程及其他
208,603979.SH,金诚信,,工业--资本货物--建筑与工程Ⅲ--建筑与工程,,
209,900906.SH,ST毅达B,,工业--资本货物--建筑与工程Ⅲ--建筑与工程,建筑装饰-园林工程Ⅱ-园林工程Ⅲ,建筑--建筑施工--园林工程
210,000039.SZ,中集集团,,工业--资本货物--机械--建筑机械与重型卡车,,
211,000157.SZ,中联重科,,工业--资本货物--机械--建筑机械与重型卡车,,
212,000338.SZ,潍柴动力,,工业--资本货物--机械--建筑机械与重型卡车,,
213,000425.SZ,徐工机械,,工业--资本货物--机械--建筑机械与重型卡车,,
214,000528.SZ,柳工,,工业--资本货物--机械--建筑机械与重型卡车,,
215,000570.SZ,苏常柴A,,工业--资本货物--机械--建筑机械与重型卡车,,
216,000680.SZ,山推股份,,工业--资本货物--机械--建筑机械与重型卡车,,
217,000816.SZ,智慧农业,,工业--资本货物--机械--建筑机械与重型卡车,,
218,000856.SZ,冀东装备,,工业--资本货物--机械--建筑机械与重型卡车,,
219,000880.SZ,潍柴重机,,工业--资本货物--机械--建筑机械与重型卡车,,
220,000903.SZ,云内动力,,工业--资本货物--机械--建筑机械与重型卡车,,
221,000951.SZ,中国重汽,,工业--资本货物--机械--建筑机械与重型卡车,,
222,002097.SZ,山河智能,,工业--资本货物--机械--建筑机械与重型卡车,,
223,002111.SZ,威海广泰,,工业--资本货物--机械--建筑机械与重型卡车,,
224,002480.SZ,新筑股份,,工业--资本货物--机械--建筑机械与重型卡车,,
225,002483.SZ,润邦股份,,工业--资本货物--机械--建筑机械与重型卡车,,
226,002523.SZ,天桥起重,,工业--资本货物--机械--建筑机械与重型卡车,,
227,002552.SZ,宝鼎科技,,工业--资本货物--机械--建筑机械与重型卡车,,
228,200570.SZ,苏常柴B,,工业--资本货物--机械--建筑机械与重型卡车,,
229,300103.SZ,达刚控股,,工业--资本货物--机械--建筑机械与重型卡车,,
230,300201.SZ,海伦哲,,工业--资本货物--机械--建筑机械与重型卡车,,
231,300210.SZ,森远股份,,工业--资本货物--机械--建筑机械与重型卡车,,
232,300391.SZ,康跃科技,,工业--资本货物--机械--建筑机械与重型卡车,,
233,300589.SZ,江龙船艇,,工业--资本货物--机械--建筑机械与重型卡车,,
234,300600.SZ,国瑞科技,,工业--资本货物--机械--建筑机械与重型卡车,,
235,600031.SH,三一重工,,工业--资本货物--机械--建筑机械与重型卡车,,
236,600150.SH,中国船舶,,工业--资本货物--机械--建筑机械与重型卡车,,
237,600169.SH,太原重工,,工业--资本货物--机械--建筑机械与重型卡车,,
238,600218.SH,全柴动力,,工业--资本货物--机械--建筑机械与重型卡车,,
239,600262.SH,北方股份,,工业--资本货物--机械--建筑机械与重型卡车,,
240,600320.SH,振华重工,,工业--资本货物--机械--建筑机械与重型卡车,,
241,600375.SH,华菱星马,,工业--资本货物--机械--建筑机械与重型卡车,,
242,600495.SH,晋西车轴,,工业--资本货物--机械--建筑机械与重型卡车,,
243,600501.SH,航天晨光,,工业--资本货物--机械--建筑机械与重型卡车,,
244,600528.SH,中铁工业,,工业--资本货物--机械--建筑机械与重型卡车,,建筑--建筑施工--专业工程及其他
245,600685.SH,中船防务,,工业--资本货物--机械--建筑机械与重型卡车,,
246,600761.SH,安徽合力,,工业--资本货物--机械--建筑机械与重型卡车,,
247,600815.SH,*ST厦工,,工业--资本货物--机械--建筑机械与重型卡车,,
248,600841.SH,上柴股份,,工业--资本货物--机械--建筑机械与重型卡车,,
249,600984.SH,建设机械,,工业--资本货物--机械--建筑机械与重型卡车,,
250,601766.SH,中国中车,,工业--资本货物--机械--建筑机械与重型卡车,,
251,601890.SH,亚星锚链,,工业--资本货物--机械--建筑机械与重型卡车,,
252,603298.SH,杭叉集团,,工业--资本货物--机械--建筑机械与重型卡车,,
253,603611.SH,诺力股份,,工业--资本货物--机械--建筑机械与重型卡车,,
254,603686.SH,龙马环卫,,工业--资本货物--机械--建筑机械与重型卡车,,
255,603966.SH,法兰泰克,,工业--资本货物--机械--建筑机械与重型卡车,,
256,605100.SH,华丰股份,,工业--资本货物--机械--建筑机械与重型卡车,,
257,900920.SH,上柴B股,,工业--资本货物--机械--建筑机械与重型卡车,,
258,900947.SH,振华B股,,工业--资本货物--机械--建筑机械与重型卡车,,
259,900953.SH,凯马B,,工业--资本货物--机械--建筑机械与重型卡车,,
260,600876.SH,洛阳玻璃,,,建筑材料-玻璃制造Ⅱ-玻璃制造Ⅲ,建材--结构材料--玻璃
261,600668.SH,尖峰集团,,,建筑材料-水泥制造Ⅱ-水泥制造Ⅲ,
262,836149.OC,旭杰科技,,,,
263,002623.SZ,亚玛顿,,,建筑材料-玻璃制造Ⅱ-玻璃制造Ⅲ,
264,002043.SZ,兔宝宝,,,建筑材料-其他建材Ⅱ-其他建材Ⅲ,建材--装饰材料--其他装饰材料
265,002082.SZ,万邦德,,,建筑材料-其他建材Ⅱ-其他建材Ⅲ,
266,603937.SH,丽岛新材,,,建筑材料-其他建材Ⅱ-其他建材Ⅲ,
267,605158.SH,华达新材,,,建筑材料-其他建材Ⅱ-其他建材Ⅲ,建材--结构材料--其他结构材料
268,002398.SZ,垒知集团,,,建筑材料-其他建材Ⅱ-其他建材Ⅲ,建筑--建筑设计及服务Ⅱ--建筑设计及服务Ⅲ
269,002178.SZ,延华智能,,,建筑装饰-专业工程-其他专业工程,建筑--建筑施工--专业工程及其他
270,002298.SZ,中电兴发,,,建筑装饰-专业工程-其他专业工程,
271,300592.SZ,华凯创意,,,建筑装饰-装修装饰Ⅱ-装修装饰Ⅲ,建筑--建筑装修Ⅱ--建筑装修Ⅲ
272,603466.SH,风语筑,,,建筑装饰-装修装饰Ⅱ-装修装饰Ⅲ,建筑--建筑装修Ⅱ--建筑装修Ⅲ
273,603081.SH,大丰实业,,,建筑装饰-装修装饰Ⅱ-装修装饰Ⅲ,
274,000779.SZ,甘咨询,,,建筑装饰-基础建设-水利工程,建筑--建筑设计及服务Ⅱ--建筑设计及服务Ⅲ
275,002883.SZ,中设股份,,,建筑装饰-基础建设-路桥施工,建筑--建筑设计及服务Ⅱ--建筑设计及服务Ⅲ
276,002949.SZ,华阳国际,,,建筑装饰-房屋建设Ⅱ-房屋建设Ⅲ,建筑--建筑设计及服务Ⅱ--建筑设计及服务Ⅲ
277,300284.SZ,苏交科,,,建筑装饰-基础建设-路桥施工,建筑--建筑设计及服务Ⅱ--建筑设计及服务Ⅲ
278,300384.SZ,三联虹普,,,建筑装饰-专业工程-化学工程,
279,300492.SZ,华图山鼎,,,建筑装饰-房屋建设Ⅱ-房屋建设Ⅲ,建筑--建筑设计及服务Ⅱ--建筑设计及服务Ⅲ
280,300500.SZ,启迪设计,,,建筑装饰-房屋建设Ⅱ-房屋建设Ⅲ,建筑--建筑装修Ⅱ--建筑装修Ⅲ
281,300564.SZ,筑博设计,,,建筑装饰-房屋建设Ⅱ-房屋建设Ⅲ,建筑--建筑设计及服务Ⅱ--建筑设计及服务Ⅲ
282,300635.SZ,中达安,,,建筑装饰-专业工程-其他专业工程,
283,300668.SZ,杰恩设计,,,建筑装饰-房屋建设Ⅱ-房屋建设Ⅲ,建筑--建筑装修Ⅱ--建筑装修Ⅲ
284,300675.SZ,建科院,,,建筑装饰-房屋建设Ⅱ-房屋建设Ⅲ,建筑--建筑设计及服务Ⅱ--建筑设计及服务Ⅲ
285,300732.SZ,设研院,,,建筑装饰-基础建设-路桥施工,建筑--建筑设计及服务Ⅱ--建筑设计及服务Ⅲ
286,300746.SZ,汉嘉设计,,,建筑装饰-房屋建设Ⅱ-房屋建设Ⅲ,建筑--建筑装修Ⅱ--建筑装修Ⅲ
287,300778.SZ,新城市,,,建筑装饰-房屋建设Ⅱ-房屋建设Ⅲ,建筑--建筑装修Ⅱ--建筑装修Ⅲ
288,300826.SZ,测绘股份,,,建筑装饰-专业工程-其他专业工程,建筑--建筑设计及服务Ⅱ--建筑设计及服务Ⅲ
289,600629.SH,华建集团,,,建筑装饰-房屋建设Ⅱ-房屋建设Ⅲ,建筑--建筑设计及服务Ⅱ--建筑设计及服务Ⅲ
290,603017.SH,中衡设计,,,建筑装饰-房屋建设Ⅱ-房屋建设Ⅲ,建筑--建筑设计及服务Ⅱ--建筑设计及服务Ⅲ
291,603018.SH,中设集团,,,建筑装饰-基础建设-路桥施工,建筑--建筑设计及服务Ⅱ--建筑设计及服务Ⅲ
292,603357.SH,设计总院,,,建筑装饰-基础建设-路桥施工,建筑--建筑设计及服务Ⅱ--建筑设计及服务Ⅲ
293,603458.SH,勘设股份,,,建筑装饰-基础建设-路桥施工,建筑--建筑设计及服务Ⅱ--建筑设计及服务Ⅲ
294,603860.SH,中公高科,,,建筑装饰-基础建设-路桥施工,
295,603909.SH,合诚股份,,,建筑装饰-基础建设-路桥施工,建筑--建筑设计及服务Ⅱ--建筑设计及服务Ⅲ
296,300044.SZ,赛为智能,,,,建筑--建筑施工--专业工程及其他
297,300860.SZ,锋尚文化,,,,建筑--建筑施工--专业工程及其他
298,600545.SH,卓郎智能,,,,建筑--建筑施工--专业工程及其他
299,603300.SH,华铁应急,,,,建筑--建筑施工--专业工程及其他
300,000795.SZ,英洛华,,,,建材--专用材料Ⅱ--其他专用材料
301,002613.SZ,北玻股份,,,,建材--结构材料--玻璃
302,300064.SZ,豫金刚石,,,,建材--专用材料Ⅱ--其他专用材料
303,300160.SZ,秀强股份,,,,建材--结构材料--玻璃
304,300179.SZ,四方达,,,,建材--专用材料Ⅱ--其他专用材料
305,300345.SZ,华民股份,,,,建材--专用材料Ⅱ--其他专用材料
306,300409.SZ,道氏技术,,,,建材--装饰材料--陶瓷
307,600293.SH,三峡新材,,,,建材--结构材料--玻璃
308,603268.SH,松发股份,,,,建材--装饰材料--陶瓷
309,603725.SH,天安新材,,,,建材--装饰材料--其他装饰材料
310,603826.SH,坤彩科技,,,,建材--专用材料Ⅱ--其他专用材料
311,603838.SH,四通股份,,,,建材--装饰材料--陶瓷
